player,AVG,OBP,SLG,OPS
Player C,0.32,0.36904761904761907,0.56,0.9290476190476191
Player A,0.2916666666666667,0.34814814814814815,0.48333333333333334,0.8314814814814815
Player B,0.22448979591836735,0.2909090909090909,0.336734693877551,0.6276437847866418
